{"cameraMode":{"drawMode":0,"name":"Shaded","section":"Shading Mode"},"sceneLighting":true,"audioPlay":false,"sceneViewState":{"m_AlwaysRefresh":false,"showFog":true,"showSkybox":true,"showFlares":true,"showImageEffects":true,"showParticleSystems":true,"showVisualEffectGraphs":true,"m_FxEnabled":true},"in2DMode":false,"pivot":{"x":1.358332633972168,"y":0.6487886905670166,"z":-3.170786142349243},"rotation":{"x":-0.06893839687108994,"y":-0.18477189540863038,"z":0.012994728051126004,"w":-0.9802799224853516},"size":1.9192168712615967,"orthographic":false}